GROUP,PACKAGE,CLASS,INSTRUCTION_MISSED,INSTRUCTION_COVERED,BRANCH_MISSED,BRANCH_COVERED,LINE_MISSED,LINE_COVERED,COMPLEXITY_MISSED,COMPLEXITY_COVERED,METHOD_MISSED,METHOD_COVERED
core-service,com.nexusaid.core.controller.domains.diffusion,DiffusionController,38,0,0,0,6,0,4,0,4,0
core-service,com.nexusaid.core.messaging,EventPublisher,244,0,0,0,54,0,10,0,10,0
core-service,com.nexusaid.core.messaging,EventConsumer,325,0,30,0,65,0,21,0,6,0
core-service,com.nexusaid.core.controller.domains.immigration,ImmigrationController,63,0,0,0,11,0,7,0,7,0
core-service,com.nexusaid.core.controller.domains.jeunesse,JeunesseController,120,0,0,0,20,0,16,0,16,0
core-service,com.nexusaid.core.controller,InterventionController,151,0,6,0,26,0,12,0,9,0
core-service,com.nexusaid.core.controller,VolunteerOnboardingController,421,0,18,0,83,0,31,0,22,0
core-service,com.nexusaid.core.controller,AuthController,58,49,6,2,15,12,6,3,2,3
core-service,com.nexusaid.core.controller,CalendarEventController,24,0,0,0,5,0,4,0,4,0
core-service,com.nexusaid.core.controller,MonthlyReportController,41,0,0,0,5,0,5,0,5,0
core-service,com.nexusaid.core.controller,TeamSyncController,149,0,20,0,44,0,11,0,1,0
core-service,com.nexusaid.core.controller,ComplaintController,53,0,0,0,8,0,7,0,7,0
core-service,com.nexusaid.core.controller,CommitteeController,101,0,0,0,24,0,10,0,10,0
core-service,com.nexusaid.core.controller,BadgeController,60,0,2,0,12,0,4,0,3,0
core-service,com.nexusaid.core.controller,ManagementCompatibilityController,106,0,2,0,22,0,8,0,7,0
core-service,com.nexusaid.core.controller,StockAlertController,28,0,0,0,4,0,4,0,4,0
core-service,com.nexusaid.core.controller,QuizController,61,0,0,0,12,0,10,0,10,0
core-service,com.nexusaid.core.controller,InventoryController,63,0,0,0,10,0,7,0,7,0
core-service,com.nexusaid.core.controller,ProfileController,102,0,0,0,19,0,9,0,9,0
core-service,com.nexusaid.core.controller,NewsController,24,0,0,0,5,0,4,0,4,0
core-service,com.nexusaid.core.controller,SecurityDashboardController,60,0,4,0,12,0,7,0,5,0
core-service,com.nexusaid.core.entity.domains.sante,ActionChief,4,0,0,0,2,0,1,0,1,0
core-service,com.nexusaid.core.entity.domains.sante,BeneficiaryHealthFile,4,0,0,0,2,0,1,0,1,0
core-service,com.nexusaid.core.controller.domains.vff,VffController,55,0,0,0,10,0,7,0,7,0
core-service,com.nexusaid.core.security,DatabaseSeeder,327,0,2,0,64,0,5,0,4,0
core-service,com.nexusaid.core.security,CustomUserDetailsService,41,0,2,0,10,0,4,0,3,0
core-service,com.nexusaid.core.security,JwtAuthenticationFilter,65,9,10,0,17,4,6,1,1,1
core-service,com.nexusaid.core.security,SecurityConfig,113,0,0,0,23,0,7,0,7,0
core-service,com.nexusaid.core.security,JwtService,309,0,18,0,72,0,28,0,19,0
core-service,com.nexusaid.core.security,JwtEnvironmentValidator,43,0,12,0,8,0,8,0,2,0
core-service,com.nexusaid.core.security,UserDetailsImpl,91,0,8,0,20,0,13,0,9,0
core-service,com.nexusaid.core.service.domains.sante,SanteService,63,0,0,0,13,0,8,0,8,0
core-service,com.nexusaid.core.controller.domains.social,SocialController,55,28,0,0,10,6,7,4,7,4
core-service,com.nexusaid.core.service.domains.jeunesse,JeunesseService,385,0,28,0,85,0,31,0,17,0
core-service,com.nexusaid.core.service.domains.jeunesse,RecommendationAiService,165,0,2,0,31,0,3,0,2,0
core-service,com.nexusaid.core,CoreServiceApplication,5,7,0,0,2,2,1,2,1,2
core-service,com.nexusaid.core.entity.domains.social,Family,4,0,0,0,2,0,1,0,1,0
core-service,com.nexusaid.core.entity.domains.social,VulnerabilityScore,4,0,0,0,2,0,1,0,1,0
core-service,com.nexusaid.core.entity.domains.social,SocialAction,4,0,0,0,2,0,1,0,1,0
core-service,com.nexusaid.core.exception,GlobalExceptionHandler,220,3,0,0,43,1,7,1,7,1
core-service,com.nexusaid.core.entity.domains.diffusion,EducationalResource,4,0,0,0,2,0,1,0,1,0
core-service,com.nexusaid.core.entity.enums,CommitteeType,21,0,0,0,4,0,1,0,1,0
core-service,com.nexusaid.core.entity.enums,ComplaintStatus,27,0,0,0,5,0,1,0,1,0
core-service,com.nexusaid.core.entity.enums,InterventionStatus,27,0,0,0,5,0,1,0,1,0
core-service,com.nexusaid.core.entity.enums,InterventionType,51,0,0,0,9,0,1,0,1,0
core-service,com.nexusaid.core.entity.enums,RoleTitle,0,69,0,0,0,12,0,1,0,1
core-service,com.nexusaid.core.entity.enums,StockCategory,33,0,0,0,6,0,1,0,1,0
core-service,com.nexusaid.core.entity.enums,EducationLevel,39,0,0,0,7,0,1,0,1,0
core-service,com.nexusaid.core.entity.enums,CommitteeRoleStatus,21,0,0,0,4,0,1,0,1,0
core-service,com.nexusaid.core.entity.enums,AlertSeverity,27,0,0,0,5,0,1,0,1,0
core-service,com.nexusaid.core.entity.enums,AccountStatus,0,27,0,0,0,5,0,1,0,1
core-service,com.nexusaid.core.entity.enums,ComplaintVisibility,15,0,0,0,3,0,1,0,1,0
core-service,com.nexusaid.core.entity.enums,UserType,0,27,0,0,0,5,0,1,0,1
core-service,com.nexusaid.core.entity.enums,CommitteeStatus,27,0,0,0,5,0,1,0,1,0
core-service,com.nexusaid.core.entity.enums,AlertType,21,0,0,0,4,0,1,0,1,0
core-service,com.nexusaid.core.entity.enums,MonthlyReportStatus,21,0,0,0,4,0,1,0,1,0
core-service,com.nexusaid.core.service.domains.social,SocialService,552,0,30,0,94,0,45,0,30,0
core-service,com.nexusaid.core.service.domains.social,VulnerabilityScoringEngine,264,0,8,0,42,0,9,0,5,0
core-service,com.nexusaid.core.dto,HierarchyDtos,3,0,0,0,1,0,1,0,1,0
core-service,com.nexusaid.core.dto,QuizDTOs,3,0,0,0,1,0,1,0,1,0
core-service,com.nexusaid.core.dto,AuthDtos,3,0,0,0,1,0,1,0,1,0
core-service,com.nexusaid.core.dto,InventoryDtos,3,0,0,0,1,0,1,0,1,0
core-service,com.nexusaid.core.entity.domains.jeunesse,YouthFormResponse,4,0,0,0,2,0,1,0,1,0
core-service,com.nexusaid.core.entity.domains.jeunesse,YouthFormTemplate,4,0,0,0,2,0,1,0,1,0
core-service,com.nexusaid.core.entity.domains.jeunesse,YouthRecommendation,4,0,0,0,2,0,1,0,1,0
core-service,com.nexusaid.core.entity.domains.jeunesse,YouthIntegrationForm,4,0,0,0,2,0,1,0,1,0
core-service,com.nexusaid.core.controller.domains.secourisme,SecourismeController,32,0,0,0,6,0,6,0,6,0
core-service,com.nexusaid.core.service.domains.secourisme,SecourismeService,57,0,0,0,11,0,6,0,6,0
core-service,com.nexusaid.core.entity.domains.vff,VictimCase,4,0,0,0,2,0,1,0,1,0
core-service,com.nexusaid.core.entity.domains.vff,VictimSupportPath,4,0,0,0,2,0,1,0,1,0
core-service,com.nexusaid.core.service.domains.diffusion,DiffusionService,29,0,0,0,7,0,4,0,4,0
core-service,com.nexusaid.core.service.domains.diffusion,QuizService,792,0,72,0,168,0,56,0,20,0
core-service,com.nexusaid.core.service.domains.vff,VffService,130,0,16,0,24,0,16,0,8,0
core-service,com.nexusaid.core.service.domains.immigration,ImmigrationService,125,0,6,0,28,0,12,0,9,0
core-service,com.nexusaid.core.service,LoginAttemptService.AttemptInfo,75,0,6,0,19,0,13,0,10,0
core-service,com.nexusaid.core.service,ProfileService,732,92,74,8,155,25,66,4,26,3
core-service,com.nexusaid.core.service,CommitteeService,1114,0,126,0,246,0,96,0,33,0
core-service,com.nexusaid.core.service,InterventionService,272,0,16,0,58,0,24,0,16,0
core-service,com.nexusaid.core.service,ComplaintServiceImpl,456,0,34,0,105,0,34,0,17,0
core-service,com.nexusaid.core.service,AnomalyDetectionService,255,0,22,0,52,0,15,0,4,0
core-service,com.nexusaid.core.service,CalendarEventService,327,0,30,0,69,0,25,0,10,0
core-service,com.nexusaid.core.service,CloudinaryService,88,4,12,0,17,1,8,1,2,1
core-service,com.nexusaid.core.service,MonthlyReportService,96,0,4,0,21,0,9,0,7,0
core-service,com.nexusaid.core.service,CaptchaService,150,0,26,0,38,0,16,0,3,0
core-service,com.nexusaid.core.service,InterventionService.InterventionCreatedEvent,15,0,0,0,1,0,1,0,1,0
core-service,com.nexusaid.core.service,InventoryService,220,0,10,0,44,0,15,0,10,0
core-service,com.nexusaid.core.service,AuthService,785,4,44,0,191,1,33,1,11,1
core-service,com.nexusaid.core.service,SecurityAuditService,333,0,2,0,65,0,15,0,14,0
core-service,com.nexusaid.core.service,LoginAttemptService,247,0,40,0,52,0,33,0,13,0
core-service,com.nexusaid.core.service,NewsService,296,0,24,0,64,0,22,0,10,0
core-service,com.nexusaid.core.service,StockAlertService,57,0,2,0,15,0,6,0,5,0
core-service,com.nexusaid.core.service,VolunteerOnboardingService,685,0,116,0,140,0,85,0,27,0
core-service,com.nexusaid.core.service,BadgeService,35,0,0,0,8,0,1,0,1,0
core-service,com.nexusaid.core.service,InterventionService.InterventionClosedEvent,6,0,0,0,1,0,1,0,1,0
core-service,com.nexusaid.core.config,OpenApiConfig,49,0,0,0,15,0,2,0,2,0
core-service,com.nexusaid.core.config,RabbitMQConfig,165,0,2,0,46,0,24,0,23,0
core-service,com.nexusaid.core.config,CloudinaryConfig,39,0,0,0,3,0,2,0,2,0
core-service,com.nexusaid.core.controller.domains.sante,SanteController,50,0,0,0,8,0,7,0,7,0
core-service,com.nexusaid.core.entity,SecurityAuditLog.SecurityEventType,81,0,0,0,14,0,1,0,1,0
core-service,com.nexusaid.core.entity,CommitteeRole,12,0,4,0,1,0,3,0,1,0
core-service,com.nexusaid.core.entity,VolunteerExtendedProfile,4,0,0,0,2,0,1,0,1,0
core-service,com.nexusaid.core.entity,ComplaintAttachment,4,0,0,0,2,0,1,0,1,0
core-service,com.nexusaid.core.entity,Committee,44,0,8,0,4,0,8,0,4,0
core-service,com.nexusaid.core.entity,ComplaintResponse,4,0,0,0,2,0,1,0,1,0
core-service,com.nexusaid.core.entity,MonthlyReport,17,0,2,0,7,0,3,0,2,0
core-service,com.nexusaid.core.entity,SecourismeCertification,4,0,0,0,2,0,1,0,1,0
core-service,com.nexusaid.core.entity,StockAlert,4,0,0,0,2,0,1,0,1,0
core-service,com.nexusaid.core.entity,Complaint,23,0,4,0,9,0,4,0,2,0
core-service,com.nexusaid.core.entity,RefreshToken,15,0,4,0,2,0,4,0,2,0
core-service,com.nexusaid.core.entity.domains.immigration,FamilyLinkCase,4,0,0,0,2,0,1,0,1,0
core-service,com.nexusaid.core.entity.domains.immigration,IntegrationTracking,4,0,0,0,2,0,1,0,1,0
core-service,com.nexusaid.core.entity.domains.immigration,MigrantCase,4,0,0,0,2,0,1,0,1,0
