latitude,longitude,brightness,scan,track,acq_date,acq_time,satellite,instrument,confidence,version,bright_t31,frp,daynight
34.90375,8.54141,303.18,0.39,0.36,2025-08-18,109,N21,VIIRS,n,2.0NRT,293.08,0.67,N
31.64612,9.16954,343.45,0.49,0.65,2024-09-08,202,N21,VIIRS,n,2.0NRT,292.24,7.32,N
33.87281,9.98972,309.26,0.38,0.43,2024-07-10,45,N21,VIIRS,n,2.0NRT,298.08,1.24,N
36.61283,10.44484,328.55,0.38,0.36,2025-10-27,1219,N21,VIIRS,n,2.0NRT,298.06,1.91,D
36.82808,9.80964,330.36,0.45,0.63,2024-08-29,1128,N21,VIIRS,n,2.0NRT,299.56,1.56,D
31.64853,9.17275,350.59,0.47,0.4,2024-07-08,1242,N21,VIIRS,n,2.0NRT,319.76,6.44,D
31.64816,9.17073,342.64,0.39,0.44,2024-10-30,1204,N21,VIIRS,n,2.0NRT,311.01,5.82,D
37.11548,9.81183,337.01,0.52,0.67,2025-09-12,1121,N21,VIIRS,n,2.0NRT,297.92,3.84,D
36.60991,9.06773,367.0,0.32,0.54,2025-08-27,1301,N21,VIIRS,h,2.0NRT,311.55,14.94,D
36.35424,9.16668,337.09,0.41,0.37,2025-09-03,1232,N21,VIIRS,l,2.0NRT,308.18,4.38,D
35.78889,10.65946,301.82,0.32,0.55,2025-06-13,147,N21,VIIRS,n,2.0NRT,291.64,0.63,N
36.58931,10.31802,303.77,0.38,0.36,2024-09-16,109,N21,VIIRS,n,2.0NRT,289.46,1.01,N
36.15733,10.28469,297.23,0.44,0.39,2025-03-05,121,N21,VIIRS,n,2.0NRT,280.01,0.87,N
32.00015,9.49344,345.45,0.53,0.5,2025-07-03,1151,N21,VIIRS,n,2.0NRT,312.83,4.88,D
36.49902,10.02626,305.08,0.42,0.61,2025-06-07,200,N21,VIIRS,n,2.0NRT,293.12,0.68,N
31.64667,9.17325,343.46,0.56,0.43,2024-04-08,1246,N21,VIIRS,l,2.0NRT,317.51,2.22,D
35.77543,9.89032,305.6,0.39,0.36,2024-09-05,115,N21,VIIRS,n,2.0NRT,292.91,0.73,N
31.64724,9.17173,338.0,0.5,0.49,2024-09-23,39,N21,VIIRS,n,2.0NRT,291.58,6.2,N
33.47866,11.10819,299.19,0.45,0.39,2024-04-14,115,N21,VIIRS,n,2.0NRT,287.19,0.39,N
36.88076,9.30501,333.05,0.41,0.37,2025-10-05,1229,N21,VIIRS,n,2.0NRT,303.85,2.05,D
36.24894,9.14714,343.47,0.49,0.65,2025-09-17,1128,N21,VIIRS,n,2.0NRT,307.54,8.52,D
33.87148,9.99349,301.53,0.54,0.42,2025-02-06,130,N21,VIIRS,n,2.0NRT,281.31,1.52,N
37.17974,9.52843,367.0,0.42,0.61,2024-01-18,1308,N21,VIIRS,h,2.0NRT,294.45,15.96,D
36.96393,9.22554,337.85,0.44,0.46,2025-08-01,1251,N21,VIIRS,n,2.0NRT,300.37,4.77,D
36.21397,9.64474,338.79,0.63,0.54,2025-07-25,1140,N21,VIIRS,n,2.0NRT,301.9,36.78,D
31.99747,9.49113,298.34,0.58,0.69,2025-10-24,13,N21,VIIRS,n,2.0NRT,286.57,0.86,N
35.258,10.59097,335.07,0.48,0.48,2025-07-30,1147,N21,VIIRS,l,2.0NRT,305.82,2.58,D
31.64679,9.16739,297.43,0.61,0.71,2024-05-08,206,N21,VIIRS,n,2.0NRT,286.54,1.03,N
31.64792,9.16969,338.28,0.49,0.48,2024-07-21,39,N21,VIIRS,n,2.0NRT,299.62,8.38,N
35.4199,8.81503,351.95,0.44,0.63,2025-08-05,1134,N21,VIIRS,n,2.0NRT,313.69,4.55,D
31.65019,9.17284,342.2,0.46,0.47,2024-04-16,1155,N21,VIIRS,n,2.0NRT,302.56,2.71,D
35.77497,9.88934,308.6,0.43,0.38,2024-08-25,122,N21,VIIRS,n,2.0NRT,297.11,1.54,N
31.70186,9.24509,308.34,0.46,0.39,2024-06-06,122,N21,VIIRS,n,2.0NRT,292.84,0.74,N
35.77394,9.89074,302.34,0.43,0.38,2025-10-15,122,N21,VIIRS,n,2.0NRT,289.61,0.87,N
37.06002,9.03769,335.24,0.6,0.7,2025-08-10,1323,N21,VIIRS,n,2.0NRT,297.04,3.81,D
31.70355,9.24302,297.1,0.39,0.36,2024-04-25,109,N21,VIIRS,n,2.0NRT,282.21,0.65,N
31.00408,10.05962,300.39,0.45,0.39,2025-10-22,52,N21,VIIRS,n,2.0NRT,288.3,0.61,N
31.49439,9.49406,297.42,0.39,0.36,2024-10-29,105,N21,VIIRS,n,2.0NRT,287.12,0.65,N
31.64878,9.17196,338.27,0.4,0.44,2024-08-27,45,N21,VIIRS,n,2.0NRT,297.61,8.14,N
36.89112,9.02826,320.26,0.41,0.45,2025-08-27,141,N21,VIIRS,n,2.0NRT,297.23,14.88,N
33.36294,8.54843,297.04,0.76,0.77,2024-05-02,217,N21,VIIRS,n,2.0NRT,282.37,1.32,N
31.64589,9.16902,327.09,0.41,0.6,2024-07-17,156,N21,VIIRS,n,2.0NRT,294.36,3.14,N
36.7752,10.20234,309.4,0.5,0.41,2025-07-18,52,N21,VIIRS,n,2.0NRT,298.13,1.93,N
31.65052,9.1713,337.7,0.33,0.55,2024-11-01,149,N21,VIIRS,n,2.0NRT,289.92,3.17,N
36.49878,10.02695,305.36,0.34,0.56,2024-01-23,151,N21,VIIRS,n,2.0NRT,277.94,0.97,N
33.87224,9.99314,305.53,0.45,0.39,2025-10-31,122,N21,VIIRS,n,2.0NRT,290.76,0.88,N
31.64962,9.17191,334.9,0.47,0.64,2024-08-07,22,N21,VIIRS,n,2.0NRT,294.89,5.24,N
31.64837,9.16835,321.88,0.74,0.76,2024-11-01,9,N21,VIIRS,n,2.0NRT,287.23,4.84,N
36.7778,10.20217,298.02,0.4,0.44,2024-03-20,43,N21,VIIRS,n,2.0NRT,285.43,0.28,N
36.59169,10.31806,307.26,0.4,0.44,2024-11-07,136,N21,VIIRS,n,2.0NRT,288.44,1.24,N
31.65853,9.21968,340.33,0.7,0.75,2025-07-14,1325,N21,VIIRS,l,2.0NRT,311.4,2.12,D
36.86931,9.8618,331.51,0.37,0.58,2024-09-03,1134,N21,VIIRS,n,2.0NRT,300.66,1.16,D
36.59233,10.31917,297.5,0.51,0.66,2024-05-24,204,N21,VIIRS,n,2.0NRT,287.23,1.19,N
35.77568,9.89222,296.46,0.5,0.41,2025-10-04,128,N21,VIIRS,n,2.0NRT,282.33,0.82,N
31.64843,9.16948,329.2,0.46,0.39,2024-07-08,124,N21,VIIRS,n,2.0NRT,300.85,4.03,N
31.64772,9.17319,312.45,0.45,0.39,2024-05-21,122,N21,VIIRS,n,2.0NRT,294.27,1.27,N
36.86744,11.07333,336.69,0.48,0.4,2025-07-17,1232,N21,VIIRS,n,2.0NRT,308.61,3.87,D
36.77519,10.20096,297.0,0.56,0.69,2025-01-25,13,N21,VIIRS,n,2.0NRT,283.51,0.86,N
34.63998,8.6803,302.97,0.42,0.38,2024-04-20,105,N21,VIIRS,n,2.0NRT,278.96,1.07,N
36.22595,9.66187,367.0,0.62,0.54,2025-07-25,1140,N21,VIIRS,h,2.0NRT,345.21,220.73,D
