date,hazard,lat,lon,governorate,description,severity,label,magnitude
2018-09-22,flood,36.8065,10.1815,Tunis,Urban flooding heavy rain 80mm,3,1,
2018-09-22,flood,36.8625,10.1956,Ariana,Flash floods residential areas,3,1,
2018-09-22,flood,36.7531,10.232,Ben Arous,Underpass flooding deaths,4,1,
2018-09-22,flood,36.4561,10.7376,Nabeul,Cap Bon devastating floods,5,1,
2018-10-18,flood,33.8814,10.0982,Gabes,Wadi overflow residential damage,3,1,
2019-09-12,flood,35.8253,10.6369,Sousse,Sahel region flash floods,3,1,
2019-09-12,flood,35.7779,10.8261,Monastir,Coastal flooding infrastructure,3,1,
2019-10-10,flood,36.4561,10.7376,Nabeul,Record 130mm rain devastation,5,1,
2019-10-10,flood,36.8065,10.1815,Tunis,Metro system inundated,4,1,
2019-10-10,flood,36.7531,10.232,Ben Arous,El Mourouj district flooding,3,1,
2020-09-11,flood,35.7779,10.8261,Monastir,Flash floods 6 deaths,4,1,
2020-09-11,flood,35.8253,10.6369,Sousse,40000 affected severe,4,1,
2020-09-11,flood,35.5047,11.0622,Mahdia,Severe regional flooding,3,1,
2020-09-11,flood,36.8065,10.1815,Tunis,Urban flooding metro disruption,3,1,
2020-10-17,flood,33.3549,10.5054,Medenine,Southern Tunisia rare flood,3,1,
2021-01-25,flood,36.4561,10.7376,Nabeul,Winter storms heavy damage,3,1,
2021-11-05,flood,33.8814,10.0982,Gabes,Wadi spill flash flood,3,1,
2021-11-05,flood,34.7405,10.7602,Sfax,Industrial area flooding,2,1,
2022-03-15,flood,36.4561,10.7376,Nabeul,120mm rain in 4 days,3,1,
2022-03-15,flood,33.8814,10.0982,Gabes,Heavy rains flooding,2,1,
2022-09-28,flood,36.8065,10.1815,Tunis,Downtown underpass flooding,3,1,
2022-09-28,flood,36.8625,10.1956,Ariana,Residential quarter floods,2,1,
2023-09-22,flood,35.8253,10.6369,Sousse,Urban flash flood concrete trap 30mm,3,1,
2023-10-05,flood,36.8065,10.1815,Tunis,Autumn storm flooding,3,1,
2023-10-05,flood,36.4561,10.7376,Nabeul,Seasonal coastal flooding,3,1,
2023-12-15,flood,36.7256,9.1816,Beja,Mountain valley flooding,3,1,
2024-09-10,flood,35.8253,10.6369,Sousse,Coastal heavy precipitation,3,1,
2024-09-10,flood,35.5047,11.0622,Mahdia,Seasonal flooding,3,1,
2024-09-10,flood,35.7779,10.8261,Monastir,Coastal infrastructure damage,3,1,
2024-09-10,flood,36.4561,10.7376,Nabeul,Major infrastructure damage,4,1,
2024-10-15,flood,36.8065,10.1815,Tunis,Underpass flooding 25mm burst,3,1,
2025-10-20,flood,35.8253,10.6369,Sousse,Sahel heavy precipitation,3,1,
2025-11-03,flood,36.4561,10.7376,Nabeul,Cap Bon autumn storms,3,1,
2026-01-20,flood,35.7779,10.8261,Moknine,Worst in 70 years 4 deaths,5,1,
2018-07-20,fire,36.5011,8.7802,Jendouba,Summer forest fires northwest,3,1,
2018-07-25,fire,37.2744,9.8739,Bizerte,Coastal hillside fires,3,1,
2018-08-02,fire,36.7256,9.1816,Beja,Fernana region forest fire,4,1,
2018-08-10,fire,35.1676,8.8365,Kasserine,Mount Chaambi area fire,3,1,
2019-07-12,fire,36.5011,8.7802,Jendouba,Ain Draham forest fires,4,1,
2019-07-15,fire,36.7256,9.1816,Beja,Major forest fire 200ha,4,1,
2019-08-05,fire,37.2744,9.8739,Bizerte,Cap Serrat coastal fire,3,1,
2019-08-15,fire,36.1676,8.7046,Le Kef,Dry season fire,2,1,
2019-08-20,fire,35.1676,8.8365,Kasserine,Mountain scrubland fire,3,1,
2020-07-18,fire,36.5011,8.7802,Jendouba,Tabarka forest fires,4,1,
2020-08-01,fire,37.2744,9.8739,Bizerte,Ichkeul area fire,3,1,
2020-08-10,fire,36.0849,9.3708,Siliana,Heatwave fires,3,1,
2021-07-15,fire,36.7256,9.1816,Beja,Major forest fires,4,1,
2021-07-20,fire,36.5011,8.7802,Jendouba,Extensive forest fire,3,1,
2021-08-05,fire,37.2744,9.8739,Bizerte,Massive coastal fire,4,1,
2021-08-10,fire,36.8065,10.1815,Tunis,Periurban fires,2,1,
2021-08-18,fire,36.0849,9.3708,Siliana,Mountain fire,3,1,
2022-05-18,fire,36.7256,9.1816,Beja,Unexpected May fire pre-season,3,1,
2022-07-10,fire,36.5011,8.7802,Jendouba,Extreme heatwave fires 800ha,5,1,
2022-07-25,fire,37.2744,9.8739,Bizerte,Nefza region fire,3,1,
2022-08-01,fire,35.1676,8.8365,Kasserine,Chaamba national park,4,1,
2022-08-12,fire,36.1676,8.7046,Le Kef,Summer fire season,3,1,
2023-07-01,fire,36.7256,9.1816,Beja,Fire season 2023,4,1,
2023-07-10,fire,36.5011,8.7802,Jendouba,Forest fires major,4,1,
2023-07-15,fire,37.2744,9.8739,Bizerte,Massive fire season,5,1,
2023-07-20,fire,36.1676,8.7046,Le Kef,Forest fires extensive,3,1,
2023-08-01,fire,36.0849,9.3708,Siliana,Summer fire,3,1,
2023-08-05,fire,35.1676,8.8365,Kasserine,Mountain fire,3,1,
2023-08-20,fire,34.425,8.7842,Gafsa,Southern fires rare,2,1,
2024-01-12,fire,36.5011,8.7802,Jendouba,Winter wildfire dry winds 15C,3,1,
2024-06-25,fire,36.7256,9.1816,Beja,Early season fire,3,1,
2024-07-10,fire,37.2744,9.8739,Bizerte,Summer fires season 2024,4,1,
2024-07-20,fire,36.5011,8.7802,Jendouba,Peak summer fires,4,1,
2024-08-05,fire,35.1676,8.8365,Kasserine,Mountain bushfire,3,1,
2018-04-15,earthquake,35.2,11.0,Offshore Mahdia,M4.0 offshore,3,1,4.0
2018-09-03,earthquake,36.5,9.2,Beja,M3.8 shallow felt widely,3,1,3.8
2019-03-12,earthquake,34.55,8.98,Gafsa,M3.6 southern Tunisia,2,1,3.6
2019-11-25,earthquake,36.3,10.2,Zaghouan,M4.1 felt in Tunis,3,1,4.1
2020-05-20,earthquake,34.8,9.6,Sidi Bouzid,M3.9 central Tunisia,3,1,3.9
2020-11-08,earthquake,33.8,8.5,Tozeur,M3.7 desert region,2,1,3.7
2021-04-15,earthquake,35.5,10.2,Kairouan,M3.8 central plain,3,1,3.8
2021-09-02,earthquake,36.1,10.05,Zaghouan,M4.2 felt several governorates,4,1,4.2
2022-01-18,earthquake,36.7,9.5,Beja,M3.5 northern Tunisia,2,1,3.5
2022-09-08,earthquake,34.5,10.08,Sfax,M4.1 Skhira region,4,1,4.1
2023-01-30,earthquake,35.2,11.0,Offshore Mahdia,M5.3 largest in decade,5,1,5.3
2023-03-25,earthquake,35.58,10.21,Kairouan,M4.2 Sidi el Hani,4,1,4.2
2023-04-04,earthquake,34.29,8.01,Gafsa,M5.0 Chebika strong,5,1,5.0
2023-08-15,earthquake,36.4,10.7,Nabeul,M3.6 Cap Bon,2,1,3.6
2024-03-29,earthquake,36.57,11.14,Offshore Monastir,M4.3 Menzel Heurr,4,1,4.3
2024-06-15,earthquake,35.7779,10.8261,Monastir,M4.3 shallow,3,1,4.3
2024-11-28,earthquake,36.42,9.48,Siliana,M4.3 Bou Arada,4,1,4.3
2024-12-15,earthquake,34.86,8.74,Kasserine,M4.4 SSW Kasserine,4,1,4.4
2025-02-03,earthquake,34.54,9.62,Sidi Bouzid,M4.7 Mezzouna,4,1,4.7
2025-04-09,earthquake,34.49,9.59,Sidi Bouzid,M4.4 WSW Mezzouna,4,1,4.4
2025-08-30,earthquake,34.54,7.63,Gafsa,M4.2 WNW Tamaghza,4,1,4.2
2026-01-05,earthquake,36.49,9.26,Siliana,M4.4 Tabursuq,4,1,4.4
2018-03-15,normal,36.8065,10.1815,Tunis,Spring day no event,0,0,
2018-06-20,normal,36.8625,10.1956,Ariana,Summer day safe,0,0,
2018-11-10,normal,36.7531,10.232,Ben Arous,Autumn mild weather,0,0,
2019-01-08,normal,36.808,10.1001,Manouba,Winter cool day,0,0,
2019-04-20,normal,36.4561,10.7376,Nabeul,Spring blossoms clear,0,0,
2019-07-15,normal,36.4029,10.1429,Zaghouan,Hot summer but safe,0,0,
2019-10-02,normal,37.2744,9.8739,Bizerte,Autumn maritime pleasant,0,0,
2020-02-14,normal,36.7256,9.1816,Beja,Winter cold no extreme,0,0,
2020-05-01,normal,36.5011,8.7802,Jendouba,Late spring mild,0,0,
2020-08-20,normal,36.1676,8.7046,Le Kef,Summer hot no fire,0,0,
2020-11-15,normal,36.0849,9.3708,Siliana,Autumn quiet region,0,0,
2021-03-10,normal,35.8253,10.6369,Sousse,Spring Mediterranean calm,0,0,
2021-06-15,normal,35.7779,10.8261,Monastir,Summer tourism season safe,0,0,
2021-09-20,normal,35.5047,11.0622,Mahdia,Start of autumn mild,0,0,
2021-12-05,normal,34.7405,10.7602,Sfax,Winter mild coastal,0,0,
2022-02-28,normal,35.6784,10.0963,Kairouan,Late winter interior,0,0,
2022-05-15,normal,35.0382,9.4849,Sidi Bouzid,Spring interior warm,0,0,
2022-07-10,normal,33.8814,10.0982,Gabes,Summer hot coastal safe,0,0,
2022-09-15,normal,33.3549,10.5054,Medenine,Late summer desert edge,0,0,
2022-12-20,normal,32.9296,10.4517,Tataouine,Winter desert mild,0,0,
2023-01-25,normal,34.425,8.7842,Gafsa,Winter interior cold,0,0,
2023-04-10,normal,33.9196,8.1335,Tozeur,Spring oasis pleasant,0,0,
2023-06-30,normal,33.7043,8.969,Kebili,Summer hot desert safe,0,0,
2023-08-28,normal,35.1676,8.8365,Kasserine,Dry but no fires,0,0,
2023-10-14,normal,36.5011,8.7802,Jendouba,Light rain no flood,0,0,
2023-12-01,normal,36.8065,10.1815,Tunis,Winter start mild,0,0,
2024-01-15,normal,36.8625,10.1956,Ariana,Cool January day,0,0,
2024-02-15,normal,37.2744,9.8739,Bizerte,Breezy coastal safe,0,0,
2024-03-20,normal,35.8253,10.6369,Sousse,Spring equinox calm,0,0,
2024-05-10,normal,34.7405,10.7602,Sfax,Late spring warm safe,0,0,
2024-06-18,normal,36.0849,9.3708,Siliana,Early summer warmth,0,0,
2024-07-25,normal,36.4561,10.7376,Nabeul,Beach season hot safe,0,0,
2024-08-15,normal,33.8814,10.0982,Gabes,Peak summer no disaster,0,0,
2024-09-22,normal,36.7256,9.1816,Beja,Autumn transition standard,0,0,
2024-11-10,normal,35.5047,11.0622,Mahdia,Calm coastal autumn,0,0,
2025-01-08,normal,34.425,8.7842,Gafsa,Cold desert day,0,0,
2025-03-30,normal,33.8814,10.0982,Gabes,Spring in the south,0,0,
2025-05-20,normal,35.7779,10.8261,Monastir,Late spring pleasant,0,0,
2025-07-25,normal,35.7779,10.8261,Monastir,Busy beach day safe,0,0,
2025-09-15,normal,36.8065,10.1815,Tunis,Hot September safe,0,0,
2025-11-05,normal,36.8065,10.1815,Tunis,City traffic mild weather,0,0,
2026-02-14,normal,36.5011,8.7802,Jendouba,Cool forests safe,0,0,
2026-05-01,normal,36.1676,8.7046,Le Kef,Safe green hills,0,0,
2023-08-16,normal,35.6784,10.0963,Kairouan,48C Heatwave but NO FIRE,0,0,
2023-07-24,normal,33.9196,8.1335,Tozeur,49C Heatwave bare rock NO FIRE,0,0,
2023-02-05,normal,36.5011,8.7802,Jendouba,50mm rain mountains NO FLOOD fast drainage,0,0,
2022-10-21,normal,33.7043,8.969,Kebili,45mm rain deep sand NO FLOOD instant absorption,0,0,
2024-09-02,normal,36.8065,10.1815,Tunis,Massive thunderstorm low volume NO FLOOD,0,0,
2019-08-05,normal,33.9196,8.1335,Tozeur,47C desert temperature NO FIRE no vegetation,0,0,
2021-03-20,normal,36.4561,10.7376,Nabeul,40mm rain well-drained soil safe,0,0,
2022-07-30,normal,35.0382,9.4849,Sidi Bouzid,46C dry heat NO FIRE sparse vegetation,0,0,
2020-12-10,normal,37.2744,9.8739,Bizerte,Winter storm 60km/h wind but controlled,0,0,
2024-07-15,normal,34.7405,10.7602,Sfax,Urban heat island 44C but NO disaster,0,0,
2025-08-18,fire,34.90375,8.54141,Unknown,NASA FIRMS Anomaly,3,1,
2024-09-08,fire,31.64612,9.16954,Unknown,NASA FIRMS Anomaly,3,1,
2024-07-10,fire,33.87281,9.98972,Unknown,NASA FIRMS Anomaly,3,1,
2025-10-27,fire,36.61283,10.44484,Unknown,NASA FIRMS Anomaly,3,1,
2024-08-29,fire,36.82808,9.80964,Unknown,NASA FIRMS Anomaly,3,1,
2024-07-08,fire,31.64853,9.17275,Unknown,NASA FIRMS Anomaly,3,1,
2024-10-30,fire,31.64816,9.17073,Unknown,NASA FIRMS Anomaly,3,1,
2025-09-12,fire,37.11548,9.81183,Unknown,NASA FIRMS Anomaly,3,1,
2025-08-27,fire,36.60991,9.06773,Unknown,NASA FIRMS Anomaly,3,1,
2025-09-03,fire,36.35424,9.16668,Unknown,NASA FIRMS Anomaly,3,1,
2025-06-13,fire,35.78889,10.65946,Unknown,NASA FIRMS Anomaly,3,1,
2024-09-16,fire,36.58931,10.31802,Unknown,NASA FIRMS Anomaly,3,1,
2025-03-05,fire,36.15733,10.28469,Unknown,NASA FIRMS Anomaly,3,1,
2025-07-03,fire,32.00015,9.49344,Unknown,NASA FIRMS Anomaly,3,1,
2025-06-07,fire,36.49902,10.02626,Unknown,NASA FIRMS Anomaly,3,1,
2024-04-08,fire,31.64667,9.17325,Unknown,NASA FIRMS Anomaly,3,1,
2024-09-05,fire,35.77543,9.89032,Unknown,NASA FIRMS Anomaly,3,1,
2024-09-23,fire,31.64724,9.17173,Unknown,NASA FIRMS Anomaly,3,1,
2024-04-14,fire,33.47866,11.10819,Unknown,NASA FIRMS Anomaly,3,1,
2025-10-05,fire,36.88076,9.30501,Unknown,NASA FIRMS Anomaly,3,1,
2025-09-17,fire,36.24894,9.14714,Unknown,NASA FIRMS Anomaly,3,1,
2025-02-06,fire,33.87148,9.99349,Unknown,NASA FIRMS Anomaly,3,1,
2024-01-18,fire,37.17974,9.52843,Unknown,NASA FIRMS Anomaly,3,1,
2025-08-01,fire,36.96393,9.22554,Unknown,NASA FIRMS Anomaly,3,1,
2025-07-25,fire,36.21397,9.64474,Unknown,NASA FIRMS Anomaly,3,1,
2025-10-24,fire,31.99747,9.49113,Unknown,NASA FIRMS Anomaly,3,1,
2025-07-30,fire,35.258,10.59097,Unknown,NASA FIRMS Anomaly,3,1,
2024-05-08,fire,31.64679,9.16739,Unknown,NASA FIRMS Anomaly,3,1,
2024-07-21,fire,31.64792,9.16969,Unknown,NASA FIRMS Anomaly,3,1,
2025-08-05,fire,35.4199,8.81503,Unknown,NASA FIRMS Anomaly,3,1,
2024-04-16,fire,31.65019,9.17284,Unknown,NASA FIRMS Anomaly,3,1,
2024-08-25,fire,35.77497,9.88934,Unknown,NASA FIRMS Anomaly,3,1,
2024-06-06,fire,31.70186,9.24509,Unknown,NASA FIRMS Anomaly,3,1,
2025-10-15,fire,35.77394,9.89074,Unknown,NASA FIRMS Anomaly,3,1,
2025-08-10,fire,37.06002,9.03769,Unknown,NASA FIRMS Anomaly,3,1,
2024-04-25,fire,31.70355,9.24302,Unknown,NASA FIRMS Anomaly,3,1,
2025-10-22,fire,31.00408,10.05962,Unknown,NASA FIRMS Anomaly,3,1,
2024-10-29,fire,31.49439,9.49406,Unknown,NASA FIRMS Anomaly,3,1,
2024-08-27,fire,31.64878,9.17196,Unknown,NASA FIRMS Anomaly,3,1,
2025-08-27,fire,36.89112,9.02826,Unknown,NASA FIRMS Anomaly,3,1,
2024-05-02,fire,33.36294,8.54843,Unknown,NASA FIRMS Anomaly,3,1,
2024-07-17,fire,31.64589,9.16902,Unknown,NASA FIRMS Anomaly,3,1,
2025-07-18,fire,36.7752,10.20234,Unknown,NASA FIRMS Anomaly,3,1,
2024-11-01,fire,31.65052,9.1713,Unknown,NASA FIRMS Anomaly,3,1,
2024-01-23,fire,36.49878,10.02695,Unknown,NASA FIRMS Anomaly,3,1,
2025-10-31,fire,33.87224,9.99314,Unknown,NASA FIRMS Anomaly,3,1,
2024-08-07,fire,31.64962,9.17191,Unknown,NASA FIRMS Anomaly,3,1,
2024-11-01,fire,31.64837,9.16835,Unknown,NASA FIRMS Anomaly,3,1,
2024-03-20,fire,36.7778,10.20217,Unknown,NASA FIRMS Anomaly,3,1,
2024-11-07,fire,36.59169,10.31806,Unknown,NASA FIRMS Anomaly,3,1,
2025-07-14,fire,31.65853,9.21968,Unknown,NASA FIRMS Anomaly,3,1,
2024-09-03,fire,36.86931,9.8618,Unknown,NASA FIRMS Anomaly,3,1,
2024-05-24,fire,36.59233,10.31917,Unknown,NASA FIRMS Anomaly,3,1,
2025-10-04,fire,35.77568,9.89222,Unknown,NASA FIRMS Anomaly,3,1,
2024-07-08,fire,31.64843,9.16948,Unknown,NASA FIRMS Anomaly,3,1,
2024-05-21,fire,31.64772,9.17319,Unknown,NASA FIRMS Anomaly,3,1,
2025-07-17,fire,36.86744,11.07333,Unknown,NASA FIRMS Anomaly,3,1,
2025-01-25,fire,36.77519,10.20096,Unknown,NASA FIRMS Anomaly,3,1,
2024-04-20,fire,34.63998,8.6803,Unknown,NASA FIRMS Anomaly,3,1,
2025-07-25,fire,36.22595,9.66187,Unknown,NASA FIRMS Anomaly,3,1,
